,Player,Span,Mat,Inns,Overs,Mdns,Runs,Wkts,BBI,Ave,Econ,SR,4,5,Ct,St,Team Name
0,Abrar Ahmed,2023-2023,3,3,12,0,92,3,21-Feb,30.66,7.66,24,0,0,0,0,Islamabad United
1,Ahmed Safi Abdullah,2020-2020,3,3,8,0,65,4,17-Feb,16.25,8.12,12,0,0,0,0,Islamabad United
2,Akif Javed,2020-2021,11,10,34,0,285,10,Mar-43,28.5,8.38,20.4,0,0,2,0,Islamabad United
3,Ali Khan,2021-2021,3,3,8.2,0,70,2,10-Jan,35,8.4,25,0,0,1,0,Islamabad United
4,Amad Butt,2017-2020,16,14,40.5,0,375,15,27-Apr,25,9.18,16.3,1,0,8,0,Islamabad United
5,Ashar Zaidi,2016-2016,3,2,8,0,59,0,-,-,7.37,-,0,0,0,0,Islamabad United
6,Asif Ali,2016-2023,76,1,3,0,27,2,27-Feb,13.5,9,9,0,0,30,0,Islamabad United
7,Athar Mahmood,2022-2022,3,3,8,0,49,0,-,-,6.12,-,0,0,1,0,Islamabad United
8,Azam Khan,2022-2023,22,-,-,-,-,-,-,-,-,-,-,-,10,4,Islamabad United
9,Azhar Mahmood,2016-2016,2,2,7,0,57,1,22-Jan,57,8.14,42,0,0,2,0,Islamabad United
10,Babar Azam,2016-2016,2,-,-,-,-,-,-,-,-,-,-,-,0,0,Islamabad United
11,S Badree,2016-2017,7,7,26,1,192,4,20-Jan,48,7.38,39,0,0,1,0,Islamabad United
12,IR Bell,2019-2019,1,-,-,-,-,-,-,-,-,-,-,-,0,0,Islamabad United
13,SW Billings,2016-2017,10,-,-,-,-,-,-,-,-,-,-,-,5,0,Islamabad United
14,TK Curran,2023-2023,5,5,20,0,181,8,Mar-34,22.62,9.05,15,0,0,2,0,Islamabad United
15,Danish Aziz,2022-2022,3,1,0.2,0,6,0,-,-,18,-,0,0,0,0,Islamabad United
16,LA Dawson,2022-2022,7,7,23.3,1,159,9,16-Mar,17.66,6.76,15.6,0,0,1,0,Islamabad United
17,M de Lange,2022-2022,5,5,15,0,153,2,Jan-32,76.5,10.2,45,0,0,2,0,Islamabad United
18,CS Delport,2019-2019,12,4,9,0,66,4,24-Feb,16.5,7.33,13.5,0,0,1,0,Islamabad United
19,BM Duckett,2017-2017,2,-,-,-,-,-,-,-,-,-,-,-,0,0,Islamabad United
20,JP Duminy,2018-2018,10,3,9,0,70,1,Jan-38,70,7.77,54,0,0,8,0,Islamabad United
21,Faheem Ashraf,2018-2023,60,60,202.5,1,1668,72,19-Jun,23.16,8.22,16.9,1,1,22,0,Islamabad United
22,Fawad Ahmed,2021-2021,5,5,20,0,167,6,25-Feb,27.83,8.35,20,0,0,0,0,Islamabad United
23,Fazalhaq Farooqi,2023-2023,6,6,23.1,0,183,11,25-Mar,16.63,7.89,12.6,0,0,2,0,Islamabad United
24,ST Finn,2018-2018,5,5,16,0,124,5,Mar-35,24.8,7.75,19.2,0,0,1,0,Islamabad United
25,L Gregory,2021-2021,2,2,5,0,42,2,Feb-31,21,8.4,15,0,0,0,0,Islamabad United
26,BJ Haddin,2016-2017,17,-,-,-,-,-,-,-,-,-,-,-,11,1,Islamabad United
27,AD Hales,2018-2023,25,-,-,-,-,-,-,-,-,-,-,-,12,0,Islamabad United
28,Hasan Ali,2021-2023,27,27,105.3,1,931,35,30-Mar,26.6,8.82,18,0,0,9,0,Islamabad United
29,Hassan Nawaz,2023-2023,3,-,-,-,-,-,-,-,-,-,-,-,0,0,Islamabad United
30,Hussain Talat,2017-2021,40,13,26,0,261,7,18-Feb,37.28,10.03,22.2,0,0,12,0,Islamabad United
31,Iftikhar Ahmed,2018-2021,13,6,8.1,0,79,1,11-Jan,79,9.67,49,0,0,9,0,Islamabad United
32,Imran Khalid,2016-2017,12,11,28.1,1,199,10,20-Apr,19.9,7.06,16.9,1,0,5,0,Islamabad United
33,CA Ingram,2020-2020,9,-,-,-,-,-,-,-,-,-,-,-,2,0,Islamabad United
34,WG Jacks,2022-2022,2,-,-,-,-,-,-,-,-,-,-,-,3,0,Islamabad United
35,Kamran Ghulam,2016-2016,2,1,1,0,6,0,-,-,6,-,0,0,0,0,Islamabad United
36,Khalid Latif,2016-2016,9,-,-,-,-,-,-,-,-,-,-,-,3,0,Islamabad United
37,UT Khawaja,2021-2021,7,-,-,-,-,-,-,-,-,-,-,-,0,0,Islamabad United
38,BA King,2021-2021,3,-,-,-,-,-,-,-,-,-,-,-,0,0,Islamabad United
39,DJ Malan,2020-2020,4,-,-,-,-,-,-,-,-,-,-,-,1,0,Islamabad United
40,Misbah-ul-Haq,2016-2018,26,-,-,-,-,-,-,-,-,-,-,-,10,0,Islamabad United
41,Mohammad Huraira,2022-2022,1,-,-,-,-,-,-,-,-,-,-,-,0,0,Islamabad United
42,Mohammad Irfan,2016-2017,14,14,51,2,365,14,22-Mar,26.07,7.15,21.8,0,0,2,0,Islamabad United
43,Mohammad Sami,2016-2019,36,36,127,1,875,42,8-May,20.83,6.88,18.1,0,1,11,0,Islamabad United
44,Mohammad Wasim,2021-2023,25,25,91.3,0,887,28,Apr-31,31.67,9.69,19.6,1,0,8,0,Islamabad United
45,Mubasir Khan,2022-2023,14,11,16,0,139,2,5-Jan,69.5,8.68,48,0,0,5,0,Islamabad United
46,Muhammad Akhlaq,2021-2022,7,-,-,-,-,-,-,-,-,-,-,-,5,0,Islamabad United
47,Muhammad Musa,2019-2022,19,18,58.4,2,550,19,18-Mar,28.94,9.37,18.5,0,0,3,0,Islamabad United
48,C Munro,2020-2023,29,-,-,-,-,-,-,-,-,-,-,-,6,0,Islamabad United
49,Nasir Nawaz,2019-2022,2,-,-,-,-,-,-,-,-,-,-,-,1,0,Islamabad United
50,WD Parnell,2019-2019,3,2,2,0,32,0,-,-,16,-,0,0,1,0,Islamabad United
51,SR Patel,2018-2019,17,17,53,0,379,17,Apr-34,22.29,7.15,18.7,1,0,6,0,Islamabad United
52,N Pooran,2017-2017,1,-,-,-,-,-,-,-,-,-,-,-,0,0,Islamabad United
53,Rafatullah Mohmand,2017-2017,3,-,-,-,-,-,-,-,-,-,-,-,0,0,Islamabad United
54,Rahmanullah Gurbaz,2022-2023,14,-,-,-,-,-,-,-,-,-,-,-,6,0,Islamabad United
55,Rizwan Hussain,2019-2020,9,-,-,-,-,-,-,-,-,-,-,-,2,0,Islamabad United
56,Rohail Nazir,2021-2021,4,-,-,-,-,-,-,-,-,-,-,-,3,1,Islamabad United
57,L Ronchi,2018-2020,31,-,-,-,-,-,-,-,-,-,-,-,19,3,Islamabad United
58,Rumman Raees,2016-2023,38,38,132,0,1023,40,25-Apr,25.57,7.75,19.8,1,0,10,0,Islamabad United
59,AD Russell,2016-2018,14,13,44.2,0,365,20,18-Mar,18.25,8.23,13.3,0,0,6,0,Islamabad United
60,Saeed Ajmal,2016-2017,10,10,33.4,0,273,9,27-Mar,30.33,8.1,22.4,0,0,1,0,Islamabad United
61,Sahibzada Farhan,2018-2019,9,-,-,-,-,-,-,-,-,-,-,-,5,0,Islamabad United
62,PD Salt,2019-2021,10,-,-,-,-,-,-,-,-,-,-,-,6,0,Islamabad United
63,Shadab Khan,2017-2023,72,71,256.4,1,1934,77,28-May,25.11,7.53,20,2,1,30,0,Islamabad United
64,Sharjeel Khan,2016-2017,12,-,-,-,-,-,-,-,-,-,-,-,4,0,Islamabad United
65,DR Smith,2016-2017,13,3,4,0,45,0,-,-,11.25,-,0,0,5,0,Islamabad United
66,Sohaib Maqsood,2023-2023,2,-,-,-,-,-,-,-,-,-,-,-,1,0,Islamabad United
67,DW Steyn,2020-2020,4,4,11,1,84,2,18-Jan,42,7.63,33,0,0,0,0,Islamabad United
68,PR Stirling,2021-2023,10,-,-,-,-,-,-,-,-,-,-,-,2,0,Islamabad United
69,Umar Amin,2016-2021,3,-,-,-,-,-,-,-,-,-,-,-,0,0,Islamabad United
70,HE van der Dussen,2023-2023,6,-,-,-,-,-,-,-,-,-,-,-,5,0,Islamabad United
71,CAK Walton,2018-2019,9,-,-,-,-,-,-,-,-,-,-,-,4,0,Islamabad United
72,Waqas Maqsood,2019-2022,10,10,37.4,0,350,14,Apr-35,25,9.29,16.1,1,0,2,0,Islamabad United
73,SR Watson,2016-2017,15,15,37,0,326,11,Apr-44,29.63,8.81,20.1,1,0,2,0,Islamabad United
74,Zafar Gohar,2018-2022,11,11,34,0,287,11,25-Mar,26.09,8.44,18.5,0,0,2,0,Islamabad United
75,Zahid Mahmood,2022-2022,2,2,7,0,49,1,20-Jan,49,7,42,0,0,0,0,Islamabad United
76,Zahir Khan,2022-2022,2,2,7,0,67,2,Jan-32,33.5,9.57,21,0,0,1,0,Islamabad United
77,Zeeshan Zameer,2022-2023,3,3,4.3,0,47,1,10-Jan,47,10.44,27,0,0,1,0,Islamabad United
78,Zohaib Khan,2017-2017,1,1,1,0,13,0,-,-,13,-,0,0,1,0,Islamabad United
0,Aamer Yamin,2019-2023,27,26,75.2,2,686,19,Mar-37,36.1,9.1,23.7,0,0,7,0,Karachi Kings
1,Abbas Afridi,2021-2021,4,4,10,0,102,4,27-Feb,25.5,10.2,15,0,0,1,0,Karachi Kings
2,Abrar Ahmed,2017-2017,2,2,6,0,41,0,-,-,6.83,-,0,0,0,0,Karachi Kings
3,Akif Javed,2023-2023,5,5,15.3,0,135,8,28-Apr,16.87,8.7,11.6,1,0,0,0,Karachi Kings
4,Ali Khan,2020-2020,1,1,3,0,36,1,Jan-36,36,12,18,0,0,0,0,Karachi Kings
5,Arshad Iqbal,2020-2021,16,16,53.2,1,466,17,16-Mar,27.41,8.73,18.8,0,0,1,0,Karachi Kings
6,Awais Zia,2019-2019,2,1,0.1,0,4,0,-,-,24,-,0,0,0,0,Karachi Kings
7,Babar Azam,2017-2022,66,-,-,-,-,-,-,-,-,-,-,-,39,0,Karachi Kings
8,Bilawal Bhatti,2016-2016,1,1,4,0,36,2,Feb-36,18,9,12,0,0,0,0,Karachi Kings
9,RS Bopara,2016-2019,31,18,43,0,376,15,16-Jun,25.06,8.74,17.2,0,1,16,0,Karachi Kings
10,DT Christian,2021-2021,5,5,12.2,0,134,4,12-Jan,33.5,10.86,18.5,0,0,2,0,Karachi Kings
11,JM Clarke,2021-2022,13,-,-,-,-,-,-,-,-,-,-,-,7,1,Karachi Kings
12,IA Cockbain,2022-2022,3,-,-,-,-,-,-,-,-,-,-,-,0,0,Karachi Kings
13,BCJ Cutting,2023-2023,6,2,4,0,41,3,12-Feb,13.66,10.25,8,0,0,6,0,Karachi Kings
14,Danish Aziz,2018-2021,4,2,3,0,31,0,-,-,10.33,-,0,0,2,0,Karachi Kings
15,CS Delport,2020-2020,8,3,9.1,0,93,1,23-Jan,93,10.14,55,0,0,3,0,Karachi Kings
16,JL Denly,2018-2018,12,1,2,0,15,0,-,-,7.5,-,0,0,8,0,Karachi Kings
17,BR Dunk,2019-2019,7,-,-,-,-,-,-,-,-,-,-,-,3,3,Karachi Kings
18,JK Fuller,2023-2023,3,3,11,0,104,2,29-Jan,52,9.45,33,0,0,1,0,Karachi Kings
19,CH Gayle,2017-2017,9,-,-,-,-,-,-,-,-,-,-,-,3,0,Karachi Kings
20,L Gregory,2022-2022,7,6,14,0,127,1,22-Jan,127,9.07,84,0,0,6,0,Karachi Kings
21,MJ Guptill,2021-2021,6,-,-,-,-,-,-,-,-,-,-,-,3,0,Karachi Kings
22,Haider Ali,2023-2023,6,-,-,-,-,-,-,-,-,-,-,-,1,0,Karachi Kings
23,AD Hales,2020-2020,9,-,-,-,-,-,-,-,-,-,-,-,4,0,Karachi Kings
24,Iftikhar Ahmed,2016-2020,22,8,16.2,0,118,4,4-Feb,29.5,7.22,24.5,0,0,7,0,Karachi Kings
25,Imad Wasim,2016-2023,78,74,243.3,2,1738,51,16-Mar,34.07,7.13,28.6,0,0,17,0,Karachi Kings
26,Imran Tahir,2023-2023,5,5,20,0,155,3,24-Feb,51.66,7.75,40,0,0,4,0,Karachi Kings
27,CA Ingram,2018-2021,28,1,1,0,8,0,-,-,8,-,0,0,10,0,Karachi Kings
28,Irfan Khan,2023-2023,8,-,-,-,-,-,-,-,-,-,-,-,7,0,Karachi Kings
29,DPMD Jayawardene,2017-2017,1,-,-,-,-,-,-,-,-,-,-,-,0,0,Karachi Kings
30,CJ Jordan,2020-2022,14,14,53,0,462,18,Mar-41,25.66,8.71,17.6,0,0,7,0,Karachi Kings
31,Kashif Bhatti,2017-2017,1,1,2,0,24,0,-,-,12,-,0,0,0,0,Karachi Kings
32,Khurram Manzoor,2018-2018,7,-,-,-,-,-,-,-,-,-,-,-,1,0,Karachi Kings
33,TA Lammonby,2022-2022,3,-,-,-,-,-,-,-,-,-,-,-,1,0,Karachi Kings
34,LS Livingstone,2019-2019,11,-,-,-,-,-,-,-,-,-,-,-,4,0,Karachi Kings
35,MJ McClenaghan,2020-2020,1,1,1,0,14,0,-,-,14,-,0,0,0,0,Karachi Kings
36,TS Mills,2018-2018,8,7,24.3,0,208,9,23-Feb,23.11,8.48,16.3,0,0,4,0,Karachi Kings
37,Mir Hamza,2016-2023,9,8,22.5,0,178,9,27-Apr,19.77,7.79,15.2,1,0,2,0,Karachi Kings
38,Mohammad Amir,2016-2023,66,65,242.2,6,1808,63,25-Apr,28.69,7.46,23,3,0,5,0,Karachi Kings
39,Mohammad Ilyas,2021-2022,8,8,23.5,1,244,9,Mar-39,27.11,10.23,15.8,0,0,1,0,Karachi Kings
40,Mohammad Imran,2022-2022,3,3,10,0,93,1,23-Jan,93,9.3,60,0,0,0,0,Karachi Kings
41,Mohammad Irfan,2018-2018,11,10,31,0,298,12,18-Feb,24.83,9.61,15.5,0,0,3,0,Karachi Kings
42,Mohammad Nabi,2021-2022,14,13,42.2,0,297,6,17-Feb,49.5,7.01,42.3,0,0,5,0,Karachi Kings
43,Mohammad Rizwan,2018-2020,19,-,-,-,-,-,-,-,-,-,-,-,10,4,Karachi Kings
44,Mohammad Taha,2022-2022,5,1,4,0,32,0,-,-,8,-,0,0,0,0,Karachi Kings
45,Mohammad Umar,2023-2023,2,2,7.5,0,64,3,20-Feb,21.33,8.17,15.6,0,0,0,0,Karachi Kings
46,EJG Morgan,2018-2018,3,-,-,-,-,-,-,-,-,-,-,-,0,0,Karachi Kings
47,Muhammad Akhlaq,2023-2023,1,-,-,-,-,-,-,-,-,-,-,-,1,0,Karachi Kings
48,Muhammad Musa,2023-2023,3,2,8,0,92,3,Feb-48,30.66,11.5,16,0,0,1,0,Karachi Kings
49,Mukhtar Ahmed,2018-2018,1,-,-,-,-,-,-,-,-,-,-,-,1,0,Karachi Kings
50,C Munro,2019-2019,8,4,7,0,71,2,14-Feb,35.5,10.14,21,0,0,0,0,Karachi Kings
51,Mushfiqur Rahim,2016-2016,3,-,-,-,-,-,-,-,-,-,-,-,1,2,Karachi Kings
52,Najibullah Zadran,2021-2021,5,-,-,-,-,-,-,-,-,-,-,-,0,0,Karachi Kings
53,Nauman Anwar,2016-2016,5,-,-,-,-,-,-,-,-,-,-,-,1,0,Karachi Kings
54,Noor Ahmad,2021-2021,4,4,15,0,113,4,19-Feb,28.25,7.53,22.5,0,0,0,0,Karachi Kings
55,WD Parnell,2020-2020,1,1,3,0,35,0,-,-,11.66,-,0,0,0,0,Karachi Kings
56,NLTC Perera,2021-2021,3,3,7,0,56,4,10-Feb,14,8,10.5,0,0,0,0,Karachi Kings
57,KA Pollard,2017-2017,10,1,1.1,0,23,0,-,-,19.71,-,0,0,8,0,Karachi Kings
58,Qasim Akram,2021-2023,9,3,6,0,52,1,7-Jan,52,8.66,36,0,0,4,0,Karachi Kings
59,Rohail Nazir,2022-2022,3,-,-,-,-,-,-,-,-,-,-,-,0,0,Karachi Kings
60,AM Rossington,2023-2023,3,-,-,-,-,-,-,-,-,-,-,-,1,0,Karachi Kings
61,SE Rutherford,2020-2020,2,-,-,-,-,-,-,-,-,-,-,-,2,0,Karachi Kings
62,Sahibzada Farhan,2022-2022,5,-,-,-,-,-,-,-,-,-,-,-,2,0,Karachi Kings
63,Saifullah Bangash,2016-2016,5,-,-,-,-,-,-,-,-,-,-,-,2,0,Karachi Kings
64,KC Sangakkara,2017-2017,10,-,-,-,-,-,-,-,-,-,-,-,10,0,Karachi Kings
65,Shahid Afridi,2018-2018,9,9,33,2,208,13,18-Mar,16,6.3,15.2,0,0,3,0,Karachi Kings
66,Shahzaib Hasan,2016-2017,4,-,-,-,-,-,-,-,-,-,-,-,1,0,Karachi Kings
67,T Shamsi,2023-2023,4,4,16,0,103,7,18-Mar,14.71,6.43,13.7,0,0,0,0,Karachi Kings
68,Shakib Al Hasan,2016-2016,8,7,21,0,167,3,26-Jan,55.66,7.95,42,0,0,3,0,Karachi Kings
69,Sharjeel Khan,2020-2023,37,-,-,-,-,-,-,-,-,-,-,-,3,0,Karachi Kings
70,Shoaib Malik,2016-2023,28,13,31.5,0,217,8,16-Mar,27.12,6.81,23.8,0,0,9,0,Karachi Kings
71,Sikandar Raza,2019-2019,3,2,6,1,32,3,23-Feb,10.66,5.33,12,0,0,2,0,Karachi Kings
72,LMP Simmons,2016-2018,8,-,-,-,-,-,-,-,-,-,-,-,3,0,Karachi Kings
73,Sohail Khan,2016-2019,19,19,67.2,1,552,22,23-Mar,25.09,8.19,18.3,0,0,1,0,Karachi Kings
74,Sohail Tanvir,2016-2016,6,6,19.5,0,150,2,19-Jan,75,7.56,59.5,0,0,1,0,Karachi Kings
75,AW Summers,2019-2019,2,2,8,0,62,0,-,-,7.75,-,0,0,1,0,Karachi Kings
76,Tayyab Tahir,2023-2023,5,-,-,-,-,-,-,-,-,-,-,-,4,0,Karachi Kings
77,RN ten Doeschate,2016-2016,1,-,-,-,-,-,-,-,-,-,-,-,0,0,Karachi Kings
78,JA Thompson,2022-2022,2,1,2,0,22,1,22-Jan,22,11,12,0,0,0,0,Karachi Kings
79,AJ Tye,2023-2023,4,4,15,0,160,1,Jan-32,160,10.66,90,0,0,1,0,Karachi Kings
80,Umaid Asif,2020-2022,15,15,54.3,0,447,16,Mar-36,27.93,8.2,20.4,0,0,3,0,Karachi Kings
81,Umer Khan,2019-2020,17,15,51,0,397,19,22-Mar,20.89,7.78,16.1,0,0,3,0,Karachi Kings
82,Usama Mir,2016-2020,20,20,65.5,0,557,18,24-Mar,30.94,8.46,21.9,0,0,4,0,Karachi Kings
83,Usman Shinwari,2017-2022,30,29,101.1,0,841,37,15-Apr,22.72,8.31,16.4,2,0,5,0,Karachi Kings
84,JM Vince,2016-2023,12,-,-,-,-,-,-,-,-,-,-,-,3,0,Karachi Kings
85,MS Wade,2023-2023,9,-,-,-,-,-,-,-,-,-,-,-,4,2,Karachi Kings
86,CAK Walton,2020-2021,18,-,-,-,-,-,-,-,-,-,-,-,12,2,Karachi Kings
87,Waqas Maqsood,2020-2021,10,10,32.3,0,255,13,18-Feb,19.61,7.84,15,0,0,2,0,Karachi Kings
88,MH Wessels,2016-2016,2,-,-,-,-,-,-,-,-,-,-,-,1,0,Karachi Kings
89,D Wiese,2018-2018,1,1,3,0,33,0,-,-,11,-,0,0,0,0,Karachi Kings
0,Aamer Yamin,2017-2018,5,5,15,0,126,4,17-Mar,31.5,8.4,22.5,0,0,3,0,Lahore Qalanders
1,KJ Abbott,2018-2018,1,1,3,0,25,1,25-Jan,25,8.33,18,0,0,0,0,Lahore Qalanders
2,Abdullah Shafique,2022-2023,21,-,-,-,-,-,-,-,-,-,-,-,10,0,Lahore Qalanders
3,Adnan Rasool,2016-2016,3,2,6,0,67,0,-,-,11.16,-,0,0,0,0,Lahore Qalanders
4,Agha Salman,2018-2021,15,4,4.1,0,33,0,-,-,7.92,-,0,0,3,0,Lahore Qalanders
5,Ahmed Daniyal,2021-2021,10,10,35,0,330,6,Feb-29,55,9.42,35,0,0,1,0,Lahore Qalanders
6,Ahsan Hafeez,2023-2023,2,1,2,0,13,0,-,-,6.5,-,0,0,0,0,Lahore Qalanders
7,Aizaz Cheema,2019-2019,1,1,3,0,32,0,-,-,10.66,-,0,0,0,0,Lahore Qalanders
8,CJ Anderson,2019-2019,3,-,-,-,-,-,-,-,-,-,-,-,0,0,Lahore Qalanders
9,Azhar Ali,2016-2016,7,2,5,0,30,0,-,-,6,-,0,0,3,0,Lahore Qalanders
10,Bilal Asif,2018-2018,1,1,2,0,19,0,-,-,9.5,-,0,0,0,0,Lahore Qalanders
11,Bilawal Bhatti,2017-2017,5,5,15.1,0,100,1,Jan-34,100,6.59,91,0,0,4,0,Lahore Qalanders
12,SW Billings,2023-2023,10,-,-,-,-,-,-,-,-,-,-,-,11,0,Lahore Qalanders
13,CR Brathwaite,2019-2019,1,1,2,0,25,1,25-Jan,25,12.5,12,0,0,0,0,Lahore Qalanders
14,DJ Bravo,2016-2016,8,8,27,0,226,4,30-Mar,56.5,8.37,40.5,0,0,2,0,Lahore Qalanders
15,HC Brook,2022-2022,10,-,-,-,-,-,-,-,-,-,-,-,5,0,Lahore Qalanders
16,KK Cooper,2016-2016,7,6,17,0,157,6,25-Mar,26.16,9.23,17,0,0,3,0,Lahore Qalanders
17,S Dadswell,2023-2023,1,1,1,0,8,0,-,-,8,-,0,0,1,0,Lahore Qalanders
18,TH David,2021-2021,6,-,-,-,-,-,-,-,-,-,-,-,4,0,Lahore Qalanders
19,LA Dawson,2023-2023,2,2,4,0,37,1,29-Jan,37,9.25,24,0,0,0,0,Lahore Qalanders
20,CS Delport,2016-2018,14,6,12.4,0,105,5,18-Mar,21,8.28,15.2,0,0,2,0,Lahore Qalanders
21,JL Denly,2021-2021,2,-,-,-,-,-,-,-,-,-,-,-,1,0,Lahore Qalanders
22,AP Devcich,2018-2019,10,2,2,0,31,0,-,-,15.5,-,0,0,2,0,Lahore Qalanders
23,AB de Villiers,2019-2019,7,-,-,-,-,-,-,-,-,-,-,-,2,0,Lahore Qalanders
24,Dilbar Hussain,2020-2023,12,12,37.3,0,316,15,24-Apr,21.06,8.42,15,1,0,3,0,Lahore Qalanders
25,BR Dunk,2020-2022,23,-,-,-,-,-,-,-,-,-,-,-,21,0,Lahore Qalanders
26,Ehsan Adil,2016-2016,5,5,19.5,0,170,7,Apr-39,24.28,8.57,17,1,0,1,0,Lahore Qalanders
27,GD Elliott,2017-2017,7,7,12,0,115,4,23-Apr,28.75,9.58,18,1,0,3,0,Lahore Qalanders
28,Fakhar Zaman,2017-2023,76,7,10,0,58,2,3-Jan,29,5.8,30,0,0,35,0,Lahore Qalanders
29,JP Faulkner,2021-2021,6,6,24,0,156,13,19-Mar,12,6.5,11,0,0,2,0,Lahore Qalanders
30,Fawad Ahmed,2022-2022,1,1,4,0,26,2,26-Feb,13,6.5,12,0,0,1,0,Lahore Qalanders
31,D Foxcroft,2022-2022,1,-,-,-,-,-,-,-,-,-,-,-,1,0,Lahore Qalanders
32,Gauhar Ali,2019-2019,3,-,-,-,-,-,-,-,-,-,-,-,1,0,Lahore Qalanders
33,CH Gayle,2016-2016,5,1,1,0,5,0,-,-,5,-,0,0,0,0,Lahore Qalanders
34,Ghulam Mudassar,2017-2017,1,1,2,0,23,0,-,-,11.5,-,0,0,0,0,Lahore Qalanders
35,Gulraiz Sadaf,2018-2018,5,-,-,-,-,-,-,-,-,-,-,-,2,0,Lahore Qalanders
36,DAS Gunaratne,2019-2019,1,1,1,0,8,0,-,-,8,-,0,0,0,0,Lahore Qalanders
37,Hammad Azam,2016-2016,3,1,2,0,25,0,-,-,12.5,-,0,0,0,0,Lahore Qalanders
38,Haris Rauf,2019-2023,53,53,200.1,0,1818,64,23-Apr,28.4,9.08,18.7,1,0,17,0,Lahore Qalanders
39,Haris Sohail,2019-2019,5,-,-,-,-,-,-,-,-,-,-,-,4,0,Lahore Qalanders
40,Hassan Khan,2019-2019,2,2,3,0,29,0,-,-,9.66,-,0,0,0,0,Lahore Qalanders
41,SD Hope,2023-2023,3,-,-,-,-,-,-,-,-,-,-,-,1,0,Lahore Qalanders
42,Hussain Talat,2023-2023,11,5,8,0,68,4,24-Feb,17,8.5,12,0,0,1,0,Lahore Qalanders
43,Imran Khan,2018-2018,1,1,2.4,0,24,1,24-Jan,24,9,16,0,0,0,0,Lahore Qalanders
44,Kamran Ghulam,2022-2023,18,5,8,0,73,1,15-Jan,73,9.12,48,0,0,3,0,Lahore Qalanders
45,S Lamichhane,2019-2019,7,7,24.4,0,189,11,10-Apr,17.18,7.66,13.4,1,0,2,0,Lahore Qalanders
46,CA Lynn,2020-2020,8,-,-,-,-,-,-,-,-,-,-,-,2,0,Lahore Qalanders
47,Maaz Khan,2020-2020,3,3,7,0,76,2,Feb-31,38,10.85,21,0,0,1,0,Lahore Qalanders
48,MJ McClenaghan,2018-2018,4,4,16,0,142,2,31-Jan,71,8.87,48,0,0,1,0,Lahore Qalanders
49,BB McCullum,2017-2018,18,1,1,0,13,0,-,-,13,-,0,0,5,0,Lahore Qalanders
50,BAW Mendis,2016-2016,4,4,12,0,94,4,17-Mar,23.5,7.83,18,0,0,0,0,Lahore Qalanders
51,Mirza Baig,2023-2023,10,-,-,-,-,-,-,-,-,-,-,-,1,0,Lahore Qalanders
52,Muhammad Faizan,2020-2021,9,3,7,0,72,3,Feb-29,24,10.28,14,0,0,1,0,Lahore Qalanders
53,Mohammad Hafeez,2019-2022,38,23,51.1,1,349,11,23-Feb,31.72,6.82,27.9,0,0,14,0,Lahore Qalanders
54,Mohammad Irfan,2017-2017,7,7,20,0,185,7,26-Mar,26.42,9.25,17.1,0,0,0,0,Lahore Qalanders
55,Mohammad Rizwan,2016-2017,16,-,-,-,-,-,-,-,-,-,-,-,11,6,Lahore Qalanders
56,Mustafizur Rahman,2018-2018,5,5,16,1,103,4,22-Feb,25.75,6.43,24,0,0,0,0,Lahore Qalanders
57,SP Narine,2017-2018,17,17,66,0,411,20,28-Mar,20.55,6.22,19.8,0,0,5,0,Lahore Qalanders
58,Naved Yasin,2016-2016,5,-,-,-,-,-,-,-,-,-,-,-,1,0,Lahore Qalanders
59,SR Patel,2020-2022,21,17,48,1,389,13,5-Apr,29.92,8.1,22.1,1,0,6,0,Lahore Qalanders
60,S Prasanna,2020-2020,2,2,5,0,56,0,-,-,11.2,-,0,0,0,0,Lahore Qalanders
61,Rahat Ali,2019-2019,7,7,23.5,0,176,10,29-Apr,17.6,7.38,14.3,1,0,1,0,Lahore Qalanders
62,Raja Farzan,2020-2020,2,2,6,0,35,2,24-Feb,17.5,5.83,18,0,0,0,0,Lahore Qalanders
63,D Ramdin,2018-2018,4,-,-,-,-,-,-,-,-,-,-,-,1,0,Lahore Qalanders
64,Rashid Khan,2021-2023,28,28,111,1,681,44,20-May,15.47,6.13,15.1,2,1,7,0,Lahore Qalanders
65,Raza Hasan,2018-2018,2,2,5,0,47,0,-,-,9.4,-,0,0,0,0,Lahore Qalanders
66,JJ Roy,2017-2017,5,-,-,-,-,-,-,-,-,-,-,-,1,0,Lahore Qalanders
67,Saad Ali,2019-2019,1,-,-,-,-,-,-,-,-,-,-,-,0,0,Lahore Qalanders
68,Salman Butt,2019-2020,3,-,-,-,-,-,-,-,-,-,-,-,0,0,Lahore Qalanders
69,Salman Irshad,2018-2020,8,8,18,0,203,8,30-Apr,25.37,11.27,13.5,1,0,0,0,Lahore Qalanders
70,Salman Mirza,2021-2021,2,2,6,0,62,2,Feb-35,31,10.33,18,0,0,0,0,Lahore Qalanders
71,PD Salt,2022-2022,9,-,-,-,-,-,-,-,-,-,-,-,3,3,Lahore Qalanders
72,Shaheen Shah Afridi,2018-2023,62,62,234.3,3,1856,89,4-May,20.85,7.91,15.8,3,2,17,0,Lahore Qalanders
73,Shawaiz Irfan,2023-2023,1,-,-,-,-,-,-,-,-,-,-,-,0,0,Lahore Qalanders
74,Sikandar Raza,2023-2023,12,9,15.5,0,146,4,6-Feb,36.5,9.22,23.7,0,0,2,0,Lahore Qalanders
75,Sohaib Maqsood,2016-2016,2,-,-,-,-,-,-,-,-,-,-,-,0,0,Lahore Qalanders
76,Sohail Akhtar,2018-2022,44,1,0.1,0,0,0,-,-,0,-,0,0,16,0,Lahore Qalanders
77,Sohail Khan,2018-2018,7,7,25.4,0,226,8,Mar-34,28.25,8.8,19.2,0,0,1,0,Lahore Qalanders
78,Sohail Tanvir,2017-2017,8,8,29.5,0,251,10,24-Feb,25.1,8.41,17.9,0,0,1,0,Lahore Qalanders
79,Tamim Iqbal,2020-2020,3,-,-,-,-,-,-,-,-,-,-,-,0,0,Lahore Qalanders
80,BRM Taylor,2019-2019,4,-,-,-,-,-,-,-,-,-,-,-,0,0,Lahore Qalanders
81,RN ten Doeschate,2019-2019,1,1,1.4,0,9,1,9-Jan,9,5.4,10,0,0,0,0,Lahore Qalanders
82,Umair Masood,2019-2019,1,-,-,-,-,-,-,-,-,-,-,-,0,0,Lahore Qalanders
83,Umar Akmal,2016-2018,20,-,-,-,-,-,-,-,-,-,-,-,16,0,Lahore Qalanders
84,Usman Shinwari,2020-2020,4,4,12.5,0,147,0,-,-,11.45,-,0,0,0,0,Lahore Qalanders
85,DJ Vilas,2020-2020,5,-,-,-,-,-,-,-,-,-,-,-,4,1,Lahore Qalanders
86,GC Viljoen,2019-2019,2,2,5,0,43,1,30-Jan,43,8.6,30,0,0,1,0,Lahore Qalanders
87,MH Wessels,2019-2019,2,-,-,-,-,-,-,-,-,-,-,-,0,0,Lahore Qalanders
88,D Wiese,2019-2023,48,47,133.1,0,1088,37,17-Mar,29.4,8.17,21.5,0,0,20,0,Lahore Qalanders
89,Yasir Shah,2017-2019,23,23,83.1,0,580,23,7-Apr,25.21,6.97,21.6,1,0,2,0,Lahore Qalanders
90,Zafar Gohar,2016-2016,6,5,12.2,0,102,7,14-Apr,14.57,8.27,10.5,1,0,1,0,Lahore Qalanders
91,Zaman Khan,2022-2023,26,26,88.2,2,741,33,16-Apr,22.45,8.38,16,1,0,4,0,Lahore Qalanders
92,Zeeshan Ashraf,2021-2022,5,-,-,-,-,-,-,-,-,-,-,-,0,0,Lahore Qalanders
93,Zia-ul-Haq,2016-2016,3,3,8,0,69,3,Feb-38,23,8.62,16,0,0,0,0,Lahore Qalanders
94,Zohaib Khan,2016-2016,7,7,22,0,183,3,Feb-35,61,8.31,44,0,0,1,0,Lahore Qalanders
0,Aamer Azmat,2022-2022,5,1,1,0,3,0,-,-,3,-,0,0,3,0,Multan Sultans
1,Abbas Afridi,2022-2023,16,16,54.2,0,499,26,May-47,19.19,9.18,12.5,2,1,4,0,Multan Sultans
2,Ahmed Shehzad,2018-2018,10,-,-,-,-,-,-,-,-,-,-,-,7,0,Multan Sultans
3,MM Ali,2020-2020,9,6,11,0,110,5,13-Feb,22,10,13.2,0,0,6,0,Multan Sultans
4,Ali Shafique,2019-2020,4,4,12.3,0,91,4,11-Feb,22.75,7.28,18.7,0,0,0,0,Multan Sultans
5,Anwar Ali,2022-2023,11,11,34,0,334,12,Mar-33,27.83,9.82,17,0,0,6,0,Multan Sultans
6,Asad Shafiq,2020-2020,1,-,-,-,-,-,-,-,-,-,-,-,0,0,Multan Sultans
7,Asif Afridi,2022-2022,5,5,19,1,124,8,19-Mar,15.5,6.52,14.2,0,0,1,0,Multan Sultans
8,Bilawal Bhatti,2020-2020,2,2,7,0,67,3,26-Mar,22.33,9.57,14,0,0,0,0,Multan Sultans
9,RS Bopara,2020-2020,6,1,2,0,17,0,-,-,8.5,-,0,0,1,0,Multan Sultans
10,CR Brathwaite,2021-2023,9,9,28,1,240,5,20-Feb,48,8.57,33.6,0,0,3,0,Multan Sultans
11,DM Bravo,2018-2018,5,-,-,-,-,-,-,-,-,-,-,-,3,0,Multan Sultans
12,J Charles,2019-2022,14,-,-,-,-,-,-,-,-,-,-,-,4,0,Multan Sultans
13,DT Christian,2019-2019,8,5,10.3,0,113,5,19-Mar,22.6,10.76,12.6,0,0,4,0,Multan Sultans
14,SS Cottrell,2023-2023,3,3,8,0,81,3,20-Mar,27,10.12,16,0,0,1,0,Multan Sultans
15,TH David,2022-2023,16,4,5,0,49,1,4-Jan,49,9.8,30,0,0,11,0,Multan Sultans
16,LJ Evans,2019-2019,5,-,-,-,-,-,-,-,-,-,-,-,2,0,Multan Sultans
17,CJ Green,2019-2019,5,5,17,0,111,4,Mar-32,27.75,6.52,25.5,0,0,0,0,Multan Sultans
18,Hammad Azam,2019-2021,6,1,1,0,8,0,-,-,8,-,0,0,1,0,Multan Sultans
19,SO Hetmyer,2021-2021,2,-,-,-,-,-,-,-,-,-,-,-,0,0,Multan Sultans
20,AJ Hosein,2023-2023,3,3,11,0,98,1,31-Jan,98,8.9,66,0,0,1,0,Multan Sultans
21,Ihsanullah,2022-2023,14,14,49,2,370,23,12-May,16.08,7.55,12.7,0,1,0,0,Multan Sultans
22,Imran Khan,2021-2022,10,10,35.4,1,308,12,24-Mar,25.66,8.63,17.8,0,0,1,0,Multan Sultans
23,Imran Tahir,2018-2022,39,37,136,2,945,53,7-Mar,17.83,6.94,15.3,0,0,11,0,Multan Sultans
24,Izharulhaq Naveed,2023-2023,1,1,4,0,55,0,-,-,13.75,-,0,0,0,0,Multan Sultans
25,Junaid Khan,2018-2020,18,17,60,0,501,18,24-Mar,27.83,8.35,20,0,0,4,0,Multan Sultans
26,Khushdil Shah,2020-2023,45,24,53.2,0,381,20,Apr-35,19.05,7.14,16,1,0,19,0,Multan Sultans
27,CA Lynn,2021-2021,4,-,-,-,-,-,-,-,-,-,-,-,1,0,Multan Sultans
28,A Lyth,2020-2020,2,2,3,0,26,1,22-Jan,26,8.66,18,0,0,2,0,Multan Sultans
29,DA Miller,2023-2023,8,-,-,-,-,-,-,-,-,-,-,-,6,0,Multan Sultans
30,Mohammad Abbas,2019-2019,3,3,12,1,69,5,22-Mar,13.8,5.75,14.4,0,0,0,0,Multan Sultans
31,Mohammad Ilyas,2019-2023,20,18,52.3,0,467,19,27-Mar,24.57,8.89,16.5,0,0,7,0,Multan Sultans
32,Mohammad Irfan,2018-2020,27,25,94,1,649,19,19-Feb,34.15,6.9,29.6,0,0,3,0,Multan Sultans
33,Mohammad Irfan,2019-2019,2,2,5.2,0,68,0,-,-,12.75,-,0,0,0,0,Multan Sultans
34,Mohammad Rizwan,2021-2023,36,-,-,-,-,-,-,-,-,-,-,-,38,5,Multan Sultans
35,Mohammad Umar,2021-2021,2,2,7,0,79,2,Jan-34,39.5,11.28,21,0,0,1,0,Multan Sultans
36,TJ Moores,2019-2019,3,-,-,-,-,-,-,-,-,-,-,-,0,1,Multan Sultans
37,B Muzarabani,2021-2022,10,10,34.4,0,273,15,18-Mar,18.2,7.87,13.8,0,0,1,0,Multan Sultans
38,Nauman Ali,2019-2019,4,4,11,0,87,2,14-Feb,43.5,7.9,33,0,0,0,0,Multan Sultans
39,KA Pollard,2018-2023,21,10,20.5,0,191,8,Mar-37,23.87,9.16,15.6,0,0,17,0,Multan Sultans
40,Rahmanullah Gurbaz,2021-2021,1,-,-,-,-,-,-,-,-,-,-,-,1,0,Multan Sultans
41,Rohail Nazir,2020-2020,2,-,-,-,-,-,-,-,-,-,-,-,0,0,Multan Sultans
42,RR Rossouw,2020-2023,43,-,-,-,-,-,-,-,-,-,-,-,14,0,Multan Sultans
43,Rumman Raees,2022-2022,6,6,17,0,160,3,15-Jan,53.33,9.41,34,0,0,1,0,Multan Sultans
44,AD Russell,2019-2019,4,4,11,0,118,1,25-Jan,118,10.72,66,0,0,2,0,Multan Sultans
45,Saif Badar,2018-2018,10,1,2,0,15,1,15-Jan,15,7.5,12,0,0,1,0,Multan Sultans
46,Sameen Gul,2023-2023,4,4,12,0,116,3,20-Feb,38.66,9.66,24,0,0,2,0,Multan Sultans
47,KC Sangakkara,2018-2018,10,-,-,-,-,-,-,-,-,-,-,-,9,1,Multan Sultans
48,Shahid Afridi,2019-2021,21,20,63.4,0,486,19,18-Feb,25.57,7.63,20.1,0,0,8,0,Multan Sultans
49,Shahnawaz Dahani,2021-2023,23,23,80.2,1,716,38,5-Apr,18.84,8.91,12.6,2,0,9,0,Multan Sultans
50,Shakeel Ansar,2019-2019,1,-,-,-,-,-,-,-,-,-,-,-,0,0,Multan Sultans
51,Shan Masood,2019-2023,43,-,-,-,-,-,-,-,-,-,-,-,20,0,Multan Sultans
52,Shoaib Malik,2018-2019,20,10,23,0,162,3,6-Jan,54,7.04,46,0,0,4,0,Multan Sultans
53,Sohaibullah,2021-2021,1,1,3,0,26,0,-,-,8.66,-,0,0,0,0,Multan Sultans
54,Sohaib Maqsood,2018-2022,29,-,-,-,-,-,-,-,-,-,-,-,8,0,Multan Sultans
55,Sohail Khan,2021-2021,5,5,19.5,0,174,2,Jan-33,87,8.77,59.5,0,0,0,0,Multan Sultans
56,Sohail Tanvir,2018-2021,28,26,92.1,1,720,26,13-Apr,27.69,7.81,21.2,1,0,8,0,Multan Sultans
57,Umar Gul,2018-2018,2,2,8,0,50,8,24-Jun,6.25,6.25,6,0,1,0,0,Multan Sultans
58,Umar Siddiq,2019-2019,7,-,-,-,-,-,-,-,-,-,-,-,4,1,Multan Sultans
59,Usama Mir,2023-2023,12,12,43,0,341,17,22-Mar,20.05,7.93,15.1,0,0,5,0,Multan Sultans
60,Usman Khan,2023-2023,4,-,-,-,-,-,-,-,-,-,-,-,3,0,Multan Sultans
61,Usman Qadir,2020-2021,5,5,19,0,132,5,22-Feb,26.4,6.94,22.8,0,0,1,0,Multan Sultans
62,GC Viljoen,2018-2018,2,2,8,0,73,3,Feb-49,24.33,9.12,16,0,0,2,0,Multan Sultans
63,JM Vince,2019-2021,18,-,-,-,-,-,-,-,-,-,-,-,11,0,Multan Sultans
64,RA Whiteley,2018-2018,3,1,3,0,45,0,-,-,15,-,0,0,1,0,Multan Sultans
65,DJ Willey,2022-2022,8,8,25.3,0,208,13,22-Mar,16,8.15,11.7,0,0,4,0,Multan Sultans
66,Zeeshan Ashraf,2020-2020,11,-,-,-,-,-,-,-,-,-,-,-,7,1,Multan Sultans
0,Aamer Jamal,2023-2023,6,6,21.4,0,233,9,Mar-43,25.88,10.75,14.4,0,0,3,0,Peshawar Zalmi
1,Aamer Yamin,2016-2016,2,2,7,0,54,1,21-Jan,54,7.71,42,0,0,0,0,Peshawar Zalmi
2,Abdur Rehman,2016-2016,1,1,3,0,28,0,-,-,9.33,-,0,0,1,0,Peshawar Zalmi
3,Abrar Ahmed,2021-2021,2,2,7,0,62,3,14-Mar,20.66,8.85,14,0,0,0,0,Peshawar Zalmi
4,Adil Amin,2020-2020,1,-,-,-,-,-,-,-,-,-,-,-,0,0,Peshawar Zalmi
5,Ali Majid,2022-2022,1,1,4,0,33,0,-,-,8.25,-,0,0,0,0,Peshawar Zalmi
6,FA Allen,2021-2021,3,3,8,0,83,3,Feb-36,27.66,10.37,16,0,0,1,0,Peshawar Zalmi
7,J Allenby,2016-2016,2,-,-,-,-,-,-,-,-,-,-,-,0,0,Peshawar Zalmi
8,Amad Butt,2021-2022,6,6,20.3,0,212,3,20-Jan,70.66,10.34,41,0,0,1,0,Peshawar Zalmi
9,Arish Ali,2022-2022,1,1,3,0,36,0,-,-,12,-,0,0,0,0,Peshawar Zalmi
10,Arshad Iqbal,2022-2023,8,8,30,1,303,8,27-Mar,37.87,10.1,22.5,0,0,0,0,Peshawar Zalmi
11,Azmatullah Omarzai,2023-2023,6,6,23.2,0,229,10,28-Mar,22.9,9.81,14,0,0,2,0,Peshawar Zalmi
12,Babar Azam,2023-2023,11,-,-,-,-,-,-,-,-,-,-,-,1,0,Peshawar Zalmi
13,JM Bairstow,2016-2016,1,-,-,-,-,-,-,-,-,-,-,-,2,0,Peshawar Zalmi
14,T Banton,2020-2020,7,-,-,-,-,-,-,-,-,-,-,-,7,0,Peshawar Zalmi
15,RS Bopara,2021-2021,2,-,-,-,-,-,-,-,-,-,-,-,0,0,Peshawar Zalmi
16,CR Brathwaite,2020-2020,4,4,9.5,0,83,5,28-Mar,16.6,8.44,11.8,0,0,1,0,Peshawar Zalmi
17,PR Brown,2022-2022,2,2,7,0,61,0,-,-,8.71,-,0,0,2,0,Peshawar Zalmi
18,BCJ Cutting,2022-2022,9,3,6.5,0,68,1,Jan-37,68,9.95,41,0,0,8,0,Peshawar Zalmi
19,LA Dawson,2018-2020,24,20,57,1,462,11,17-Mar,42,8.1,31,0,0,12,0,Peshawar Zalmi
20,F du Plessis,2020-2020,1,-,-,-,-,-,-,-,-,-,-,-,0,0,Peshawar Zalmi
21,ADS Fletcher,2018-2019,9,-,-,-,-,-,-,-,-,-,-,-,2,0,Peshawar Zalmi
22,L Gregory,2020-2020,4,4,10,0,105,4,25-Apr,26.25,10.5,15,1,0,2,0,Peshawar Zalmi
23,Haider Ali,2020-2022,28,-,-,-,-,-,-,-,-,-,-,-,6,0,Peshawar Zalmi
24,Hammad Azam,2018-2020,3,2,4.1,0,44,0,-,-,10.56,-,0,0,2,0,Peshawar Zalmi
25,Haris Sohail,2017-2018,6,-,-,-,-,-,-,-,-,-,-,-,0,0,Peshawar Zalmi
26,Hasan Ali,2016-2020,45,44,165.1,1,1235,59,15-Apr,20.93,7.47,16.7,3,0,15,0,Peshawar Zalmi
27,Haseebullah Khan,2023-2023,7,-,-,-,-,-,-,-,-,-,-,-,8,0,Peshawar Zalmi
28,Hazratullah Zazai,2021-2022,12,-,-,-,-,-,-,-,-,-,-,-,4,0,Peshawar Zalmi
29,BJ Hodge,2016-2016,4,-,-,-,-,-,-,-,-,-,-,-,0,0,Peshawar Zalmi
30,BAC Howell,2022-2022,1,1,3.3,0,34,1,Jan-34,34,9.71,21,0,0,0,0,Peshawar Zalmi
31,Hussain Talat,2022-2022,9,6,17,0,134,4,8-Jan,33.5,7.88,25.5,0,0,1,0,Peshawar Zalmi
32,Ibtisam Sheikh,2018-2019,8,8,24,0,178,9,20-Mar,19.77,7.41,16,0,0,4,0,Peshawar Zalmi
33,Iftikhar Ahmed,2017-2017,3,1,2,0,8,2,8-Feb,4,4,6,0,0,2,0,Peshawar Zalmi
34,Imam-ul-Haq,2019-2021,22,-,-,-,-,-,-,-,-,-,-,-,8,0,Peshawar Zalmi
35,Imran Khan,2016-2017,2,2,8,0,77,2,Jan-35,38.5,9.62,24,0,0,2,0,Peshawar Zalmi
36,CJ Jordan,2017-2019,13,13,44,0,337,16,26-Mar,21.06,7.65,16.5,0,0,12,0,Peshawar Zalmi
37,Junaid Khan,2016-2017,9,8,32,1,279,8,Feb-32,34.87,8.71,24,0,0,1,0,Peshawar Zalmi
38,Kamran Akmal,2016-2022,75,-,-,-,-,-,-,-,-,-,-,-,53,9,Peshawar Zalmi
39,Khalid Usman,2018-2022,5,4,15,0,114,3,17-Jan,38,7.6,30,0,0,0,0,Peshawar Zalmi
40,Khurram Shahzad,2023-2023,3,3,9.4,0,109,3,13-Mar,36.33,11.27,19.3,0,0,0,0,Peshawar Zalmi
41,Khushdil Shah,2017-2018,4,-,-,-,-,-,-,-,-,-,-,-,1,0,Peshawar Zalmi
42,T Kohler-Cadmore,2021-2023,18,-,-,-,-,-,-,-,-,-,-,-,10,0,Peshawar Zalmi
43,LS Livingstone,2020-2022,12,5,14,0,122,2,22-Jan,61,8.71,42,0,0,9,0,Peshawar Zalmi
44,WL Madsen,2019-2019,2,-,-,-,-,-,-,-,-,-,-,-,0,0,Peshawar Zalmi
45,S Mahmood,2020-2022,8,8,29.1,0,267,17,12-Mar,15.7,9.15,10.2,0,0,2,0,Peshawar Zalmi
46,DJ Malan,2016-2019,16,-,-,-,-,-,-,-,-,-,-,-,7,0,Peshawar Zalmi
47,DA Miller,2021-2021,3,-,-,-,-,-,-,-,-,-,-,-,1,0,Peshawar Zalmi
48,TS Mills,2019-2019,5,5,19,0,137,7,29-Mar,19.57,7.21,16.2,0,0,0,0,Peshawar Zalmi
49,Misbah-ul-Haq,2019-2019,3,-,-,-,-,-,-,-,-,-,-,-,0,0,Peshawar Zalmi
50,Mohammad Amir Khan,2020-2020,4,4,12,0,107,3,11-Jan,35.66,8.91,24,0,0,1,0,Peshawar Zalmi
51,Mohammad Asghar,2016-2018,21,21,63.4,1,489,21,16-Mar,23.28,7.68,18.1,0,0,8,0,Peshawar Zalmi
52,Mohammad Hafeez,2016-2018,33,6,15,0,97,7,7-Feb,13.85,6.46,12.8,0,0,13,0,Peshawar Zalmi
53,Mohammad Haris,2022-2023,17,-,-,-,-,-,-,-,-,-,-,-,12,1,Peshawar Zalmi
54,Mohammad Imran,2020-2020,1,1,2,0,16,1,16-Jan,16,8,12,0,0,0,0,Peshawar Zalmi
55,Mohammad Imran,2021-2021,11,11,41.3,0,340,9,Feb-47,37.77,8.19,27.6,0,0,0,0,Peshawar Zalmi
56,Mohammad Irfan,2021-2021,10,10,40,0,271,10,27-Mar,27.1,6.77,24,0,0,3,0,Peshawar Zalmi
57,Mohammad Mohsin,2020-2020,2,1,4,0,35,1,Jan-35,35,8.75,24,0,0,0,0,Peshawar Zalmi
58,Mohammad Umar,2022-2022,6,6,20,0,187,5,22-Mar,37.4,9.35,24,0,0,0,0,Peshawar Zalmi
59,EJG Morgan,2017-2017,6,-,-,-,-,-,-,-,-,-,-,-,2,0,Peshawar Zalmi
60,Mujeeb Ur Rahman,2021-2023,11,11,44,0,381,6,28-Feb,63.5,8.65,44,0,0,3,0,Peshawar Zalmi
61,Nabi Gul,2019-2019,2,1,0.5,0,4,0,-,-,4.8,-,0,0,1,0,Peshawar Zalmi
62,JDS Neesham,2023-2023,7,7,22,0,199,6,23-Feb,33.16,9.04,22,0,0,1,0,Peshawar Zalmi
63,KA Pollard,2019-2019,13,12,28.4,0,229,5,10-Jan,45.8,7.98,34.4,0,0,10,0,Peshawar Zalmi
64,R Powell,2021-2023,16,2,3,0,45,1,Jan-37,45,15,18,0,0,6,0,Peshawar Zalmi
65,Rahat Ali,2020-2020,10,10,36.1,0,302,9,24-Mar,33.55,8.35,24.1,0,0,1,0,Peshawar Zalmi
66,PBB Rajapaksa,2023-2023,5,-,-,-,-,-,-,-,-,-,-,-,2,0,Peshawar Zalmi
67,SE Rutherford,2021-2022,22,-,-,-,-,-,-,-,-,-,-,-,4,0,Peshawar Zalmi
68,Saad Masood,2023-2023,1,1,3,0,40,0,-,-,13.33,-,0,0,0,0,Peshawar Zalmi
69,Saad Nasim,2018-2018,5,-,-,-,-,-,-,-,-,-,-,-,1,0,Peshawar Zalmi
70,Sabbir Rahman,2018-2018,2,-,-,-,-,-,-,-,-,-,-,-,3,0,Peshawar Zalmi
71,Saim Ayub,2023-2023,12,2,3,0,27,1,22-Jan,27,9,18,0,0,2,0,Peshawar Zalmi
72,Salman Irshad,2022-2023,14,14,55.5,0,489,21,29-Mar,23.28,8.75,15.9,0,0,1,0,Peshawar Zalmi
73,Sameen Gul,2018-2022,19,19,70,0,595,23,29-Mar,25.86,8.5,18.2,0,0,2,0,Peshawar Zalmi
74,DJG Sammy,2016-2020,49,16,26.4,0,256,9,21-Feb,28.44,9.6,17.7,0,0,17,0,Peshawar Zalmi
75,MN Samuels,2017-2017,5,-,-,-,-,-,-,-,-,-,-,-,1,0,Peshawar Zalmi
76,Shahid Afridi,2016-2017,20,19,65,3,433,12,7-May,36.08,6.66,32.5,0,1,4,0,Peshawar Zalmi
77,Shahid Yousuf,2016-2016,9,-,-,-,-,-,-,-,-,-,-,-,3,0,Peshawar Zalmi
78,MD Shanaka,2023-2023,2,1,2,0,22,0,-,-,11,-,0,0,0,0,Peshawar Zalmi
79,Shakib Al Hasan,2017-2023,6,5,15,2,109,5,14-Feb,21.8,7.26,18,0,0,0,0,Peshawar Zalmi
80,Shoaib Malik,2020-2022,33,17,31,0,231,4,2-Jan,57.75,7.45,46.5,0,0,14,0,Peshawar Zalmi
81,DR Smith,2018-2018,10,3,1.4,0,20,0,-,-,12,-,0,0,2,0,Peshawar Zalmi
82,Sohaib Maqsood,2017-2020,12,1,1,0,8,0,-,-,8,-,0,0,3,0,Peshawar Zalmi
83,Sohail Khan,2022-2022,2,2,7,0,96,0,-,-,13.71,-,0,0,0,0,Peshawar Zalmi
84,Sufiyan Muqeem,2023-2023,5,5,13,0,113,4,Mar-37,28.25,8.69,19.5,0,0,1,0,Peshawar Zalmi
85,SW Tait,2016-2016,9,9,35,1,262,10,23-Feb,26.2,7.48,21,0,0,1,0,Peshawar Zalmi
86,Tamim Iqbal,2016-2018,17,-,-,-,-,-,-,-,-,-,-,-,3,0,Peshawar Zalmi
87,Umaid Asif,2018-2021,29,29,107.3,0,893,28,23-Apr,31.89,8.3,23,1,0,7,0,Peshawar Zalmi
88,Umar Amin,2019-2020,12,-,-,-,-,-,-,-,-,-,-,-,6,0,Peshawar Zalmi
89,Usman Qadir,2022-2023,10,10,33,0,341,11,25-Mar,31,10.33,18,0,0,0,0,Peshawar Zalmi
90,GC Viljoen,2020-2020,1,1,2,0,23,0,-,-,11.5,-,0,0,1,0,Peshawar Zalmi
91,Wahab Riaz,2016-2023,88,87,328.5,3,2563,113,17-Apr,22.68,7.79,17.4,1,0,24,0,Peshawar Zalmi
92,Waqar Salamkheil,2021-2021,1,1,3,0,38,0,-,-,12.66,-,0,0,0,0,Peshawar Zalmi
93,JW Wells,2021-2021,2,-,-,-,-,-,-,-,-,-,-,-,0,0,Peshawar Zalmi
94,MH Wessels,2018-2018,4,-,-,-,-,-,-,-,-,-,-,-,0,0,Peshawar Zalmi
95,Yasir Khan,2022-2022,4,-,-,-,-,-,-,-,-,-,-,-,0,0,Peshawar Zalmi
96,Yasir Shah,2020-2020,4,4,12,0,112,3,28-Feb,37.33,9.33,24,0,0,2,0,Peshawar Zalmi
0,Abdul Bangalzai,2022-2023,5,-,-,-,-,-,-,-,-,-,-,-,0,0,Quetta Gladiators
1,Abdul Nasir,2020-2021,2,2,7,0,41,1,15-Jan,41,5.85,42,0,0,2,0,Quetta Gladiators
2,Ahmed Shehzad,2016-2020,35,-,-,-,-,-,-,-,-,-,-,-,13,0,Quetta Gladiators
3,Ahsan Ali,2019-2022,19,1,1,0,9,1,9-Jan,9,9,6,0,0,8,0,Quetta Gladiators
4,Aimal Khan,2023-2023,4,4,14,0,165,3,26-Feb,55,11.78,28,0,0,0,0,Quetta Gladiators
5,Aizaz Cheema,2016-2016,4,4,14,0,104,6,14-Feb,17.33,7.42,14,0,0,3,0,Quetta Gladiators
6,Akbar-ur-Rehman,2016-2016,7,3,4,0,29,0,-,-,7.25,-,0,0,3,0,Quetta Gladiators
7,Anamul Haque,2017-2017,1,-,-,-,-,-,-,-,-,-,-,-,0,0,Quetta Gladiators
8,Anwar Ali,2016-2021,36,34,102.1,1,893,23,21-Feb,38.82,8.74,26.6,0,0,12,0,Quetta Gladiators
9,JC Archer,2018-2018,2,2,8,0,53,5,23-Mar,10.6,6.62,9.6,0,0,1,0,Quetta Gladiators
10,Arish Ali,2021-2021,1,1,4,0,28,4,28-Apr,7,7,6,1,0,0,0,Quetta Gladiators
11,Asad Shafiq,2016-2018,16,-,-,-,-,-,-,-,-,-,-,-,6,0,Quetta Gladiators
12,Ashir Qureshi,2022-2022,4,2,7,0,61,1,31-Jan,61,8.71,42,0,0,0,0,Quetta Gladiators
13,Azam Khan,2019-2021,20,-,-,-,-,-,-,-,-,-,-,-,4,0,Quetta Gladiators
14,T Banton,2021-2021,2,-,-,-,-,-,-,-,-,-,-,-,0,0,Quetta Gladiators
15,Bismillah Khan,2016-2016,3,-,-,-,-,-,-,-,-,-,-,-,0,0,Quetta Gladiators
16,DJ Bravo,2019-2019,6,6,24,0,199,7,19-Mar,28.42,8.29,20.5,0,0,2,0,Quetta Gladiators
17,E Chigumbura,2016-2016,5,-,-,-,-,-,-,-,-,-,-,-,2,0,Quetta Gladiators
18,BCJ Cutting,2020-2021,12,8,21.5,0,247,9,31-Mar,27.44,11.31,14.5,0,0,3,0,Quetta Gladiators
19,Danish Aziz,2019-2019,1,1,0.3,0,6,0,-,-,12,-,0,0,0,0,Quetta Gladiators
20,CS Delport,2021-2021,5,1,1,0,25,0,-,-,25,-,0,0,1,0,Quetta Gladiators
21,BM Duckett,2022-2022,4,-,-,-,-,-,-,-,-,-,-,-,2,0,Quetta Gladiators
22,F du Plessis,2021-2021,5,-,-,-,-,-,-,-,-,-,-,-,3,0,Quetta Gladiators
23,GD Elliott,2016-2016,6,6,22,0,134,11,15-Apr,12.18,6.09,12,1,0,2,0,Quetta Gladiators
24,RR Emrit,2017-2017,1,1,4,0,30,3,30-Mar,10,7.5,8,0,0,0,0,Quetta Gladiators
25,SM Ervine,2017-2017,1,-,-,-,-,-,-,-,-,-,-,-,0,0,Quetta Gladiators
26,JP Faulkner,2022-2022,6,6,20,0,196,6,Feb-47,32.66,9.8,20,0,0,0,0,Quetta Gladiators
27,Fawad Ahmed,2019-2020,17,17,64.5,0,463,15,15-Mar,30.86,7.14,25.9,0,0,0,0,Quetta Gladiators
28,CH Gayle,2021-2021,2,-,-,-,-,-,-,-,-,-,-,-,0,0,Quetta Gladiators
29,Ghulam Mudassar,2019-2022,10,10,35.4,0,363,11,21-Mar,33,10.17,19.4,0,0,1,0,Quetta Gladiators
30,MJ Guptill,2023-2023,9,-,-,-,-,-,-,-,-,-,-,-,3,0,Quetta Gladiators
31,HF Gurney,2019-2019,1,1,2,0,13,1,13-Jan,13,6.5,12,0,0,0,0,Quetta Gladiators
32,Hassan Khan,2017-2022,26,26,74.2,0,554,16,10-Feb,34.62,7.45,27.8,0,0,16,0,Quetta Gladiators
33,JW Hastings,2018-2018,3,3,10,0,77,2,25-Jan,38.5,7.7,30,0,0,1,0,Quetta Gladiators
34,Iftikhar Ahmed,2022-2023,20,11,13.3,0,125,3,2-Jan,41.66,9.25,27,0,0,13,0,Quetta Gladiators
35,Khurram Manzoor,2020-2020,1,-,-,-,-,-,-,-,-,-,-,-,0,0,Quetta Gladiators
36,Khurram Shahzad,2021-2022,7,7,24,0,178,12,22-Apr,14.83,7.41,12,1,0,1,0,Quetta Gladiators
37,T Kohler-Cadmore,2018-2018,1,-,-,-,-,-,-,-,-,-,-,-,2,0,Quetta Gladiators
38,B Laughlin,2018-2018,3,3,10,0,79,3,9-Jan,26.33,7.9,20,0,0,3,0,Quetta Gladiators
39,NL McCullum,2016-2016,2,1,3,0,24,1,24-Jan,24,8,18,0,0,1,0,Quetta Gladiators
40,Mahmudullah,2017-2018,9,7,17.2,0,137,8,21-Mar,17.12,7.9,13,0,0,2,0,Quetta Gladiators
41,TS Mills,2017-2020,9,9,35,0,267,12,20-Mar,22.25,7.62,17.5,0,0,3,0,Quetta Gladiators
42,Mir Hamza,2017-2018,4,4,15,0,143,4,27-Jan,35.75,9.53,22.5,0,0,1,0,Quetta Gladiators
43,Mohammad Hafeez,2023-2023,7,6,8,0,64,0,-,-,8,-,0,0,0,0,Quetta Gladiators
44,Mohammad Hasnain,2019-2023,34,34,124.5,2,1078,47,25-Apr,22.93,8.63,15.9,2,0,5,0,Quetta Gladiators
45,Mohammad Irfan,2022-2022,2,2,7.3,0,56,2,28-Jan,28,7.46,22.5,0,0,0,0,Quetta Gladiators
46,Mohammad Irfan,2019-2019,3,3,12,0,106,3,Feb-32,35.33,8.83,24,0,0,2,0,Quetta Gladiators
47,Mohammad Nabi,2016-2016,8,8,27,0,208,4,Feb-32,52,7.7,40.5,0,0,4,0,Quetta Gladiators
48,Mohammad Nawaz,2016-2023,76,76,250.4,1,1887,70,13-Apr,26.95,7.52,21.4,1,0,38,0,Quetta Gladiators
49,Najibullah Zadran,2023-2023,2,-,-,-,-,-,-,-,-,-,-,-,2,0,Quetta Gladiators
50,Naseem Shah,2020-2023,29,29,102.1,0,817,26,20-May,31.42,7.99,23.5,1,1,7,0,Quetta Gladiators
51,Naveen-ul-Haq,2023-2023,4,4,16,0,157,4,Feb-36,39.25,9.81,24,0,0,1,0,Quetta Gladiators
52,Noor Ahmad,2022-2022,4,4,16,0,138,2,24-Jan,69,8.62,48,0,0,1,0,Quetta Gladiators
53,Omair Yousuf,2023-2023,2,-,-,-,-,-,-,-,-,-,-,-,1,0,Quetta Gladiators
54,NLTC Perera,2017-2018,7,7,19.1,0,179,7,Mar-34,25.57,9.33,16.4,0,0,6,0,Quetta Gladiators
55,KP Pietersen,2016-2018,27,-,-,-,-,-,-,-,-,-,-,-,5,0,Quetta Gladiators
56,D Pretorius,2023-2023,2,2,8,0,79,1,Jan-40,79,9.87,48,0,0,0,0,Quetta Gladiators
57,Qais Ahmad,2021-2023,6,6,23,0,247,9,21-Mar,27.44,10.73,15.3,0,0,0,0,Quetta Gladiators
58,Rahat Ali,2018-2018,11,11,42.2,0,322,15,16-Apr,21.46,7.6,16.9,1,0,1,0,Quetta Gladiators
59,Rameez Raja,2018-2018,5,-,-,-,-,-,-,-,-,-,-,-,0,0,Quetta Gladiators
60,RR Rossouw,2017-2019,31,3,2.4,0,17,2,3-Jan,8.5,6.37,8,0,0,8,0,Quetta Gladiators
61,JJ Roy,2018-2023,23,-,-,-,-,-,-,-,-,-,-,-,8,0,Quetta Gladiators
62,AD Russell,2021-2021,1,-,-,-,-,-,-,-,-,-,-,-,0,0,Quetta Gladiators
63,Saad Nasim,2017-2017,3,1,1,0,9,0,-,-,9,-,0,0,1,0,Quetta Gladiators
64,Saim Ayub,2021-2021,7,-,-,-,-,-,-,-,-,-,-,-,1,0,Quetta Gladiators
65,KC Sangakkara,2016-2016,4,-,-,-,-,-,-,-,-,-,-,-,0,0,Quetta Gladiators
66,Sarfaraz Ahmed,2016-2023,80,1,0.4,0,6,0,-,-,9,-,0,0,38,11,Quetta Gladiators
67,Shahid Afridi,2022-2022,3,3,11,0,119,3,27-Feb,39.66,10.81,22,0,0,0,0,Quetta Gladiators
68,WCF Smeed,2022-2023,10,-,-,-,-,-,-,-,-,-,-,-,5,0,Quetta Gladiators
69,DR Smith,2019-2019,5,1,0.2,0,6,0,-,-,18,-,0,0,1,0,Quetta Gladiators
70,OF Smith,2023-2023,6,6,20.3,0,212,5,Feb-41,42.4,10.34,24.6,0,0,1,0,Quetta Gladiators
71,Sohail Khan,2020-2020,8,7,25.1,0,235,7,21-Feb,33.57,9.33,21.5,0,0,1,0,Quetta Gladiators
72,Sohail Tanvir,2019-2022,19,19,73,1,584,17,21-Apr,34.35,8,25.7,1,0,7,0,Quetta Gladiators
73,DW Steyn,2021-2021,3,3,10.4,0,98,4,Feb-44,24.5,9.18,16,0,0,0,0,Quetta Gladiators
74,N Thushara,2023-2023,1,1,2,0,21,1,21-Jan,21,10.5,12,0,0,0,0,Quetta Gladiators
75,Umaid Asif,2023-2023,3,3,11.2,0,119,4,Mar-37,29.75,10.5,17,0,0,1,0,Quetta Gladiators
76,Umar Akmal,2019-2023,23,-,-,-,-,-,-,-,-,-,-,-,7,1,Quetta Gladiators
77,Umar Amin,2018-2018,6,-,-,-,-,-,-,-,-,-,-,-,2,0,Quetta Gladiators
78,Umar Gul,2016-2017,8,7,25,0,213,5,19-Feb,42.6,8.52,30,0,0,1,0,Quetta Gladiators
79,Usman Khan,2021-2021,6,-,-,-,-,-,-,-,-,-,-,-,3,0,Quetta Gladiators
80,Usman Shinwari,2021-2021,5,5,18,0,173,5,Mar-32,34.6,9.61,21.6,0,0,0,0,Quetta Gladiators
81,MN van Wyk,2017-2017,1,-,-,-,-,-,-,-,-,-,-,-,0,0,Quetta Gladiators
82,JM Vince,2022-2022,6,-,-,-,-,-,-,-,-,-,-,-,2,0,Quetta Gladiators
83,SR Watson,2018-2020,31,11,37,0,286,12,22-Mar,23.83,7.72,18.5,0,0,8,0,Quetta Gladiators
84,J Weatherald,2021-2021,5,-,-,-,-,-,-,-,-,-,-,-,1,0,Quetta Gladiators
85,JD Wildermuth,2021-2021,2,2,4,0,65,0,-,-,16.25,-,0,0,0,0,Quetta Gladiators
86,L Wood,2022-2022,1,1,4,0,45,1,Jan-45,45,11.25,24,0,0,0,0,Quetta Gladiators
87,LJ Wright,2016-2017,7,-,-,-,-,-,-,-,-,-,-,-,1,0,Quetta Gladiators
88,Yasir Khan,2023-2023,2,-,-,-,-,-,-,-,-,-,-,-,2,0,Quetta Gladiators
89,Zahid Mahmood,2020-2021,7,7,22.5,0,243,6,Feb-29,40.5,10.64,22.8,0,0,0,0,Quetta Gladiators
90,Zahir Khan,2021-2021,2,2,8,0,56,1,25-Jan,56,7,48,0,0,1,0,Quetta Gladiators
91,Zahoor Khan,2021-2021,1,1,1,0,23,0,-,-,23,-,0,0,0,0,Quetta Gladiators
92,Zulfiqar Babar,2016-2017,18,18,72,2,499,15,17-Feb,33.26,6.93,28.8,0,0,7,0,Quetta Gladiators
